mentor_name,mentor_grade,mentor_qualifications,mentor_subject,mentee_name,mentee_grade,mentee_subject
Alice Chen,12,honor roll,Math,Bob Smith,9,Math
James Lee,11,AP student,Physics,Sara Kim,9,Physics
Maria Gomez,12,tutor experience,Chemistry,Leo Park,10,Chemistry
David Wu,12,honor roll,Math,Emma Jones,10,Math
Priya Patel,11,AP student,Biology,Noah Brown,9,Biology
Chris Taylor,12,tutor experience,English,Olivia Davis,10,English
Sophie Martin,11,honor roll,Math,Liam Wilson,9,Math
Ryan Chen,12,AP student,Physics,Ava Moore,10,Physics
Hannah Kim,12,tutor experience,Chemistry,Ethan Taylor,9,Chemistry
Michael Scott,11,honor roll,English,Isabella Anderson,10,English
